INF,1DAM,Matí,Cayetano del Arregui,Pablo Berrocal Lobato,Tania Costa-Esparza,Rolando Galiano Crespi,Anastasia Martí Campo,Ani Menendez Cadenas,Victor Manuel Cerdá,Osvaldo Jacinto Muro Sarmiento,Brígida Adadia Morata,Silvia Echevarría Carreño,Marciano Piña Priego,Armida Carreño Flores
INF,1ASIX,Matí,Celia Portillo Catalán,Marciano Villalba Ferrero,Nacho Lerma Priego,Demetrio Carretero-Gallart,Nazaret Gallardo Olivé,Lucas Barrios Ramis,Concepción Losada Castelló,Paulino Caro Bernad,Azahar Riba Torrens,Yolanda Arellano Santiago,Cayetana Nuria Blazquez Fernandez,Cristian Alex Goicoechea Izquierdo
FUS,1MOB,Tarda,Elpidio Cifuentes Sosa,Benigno del Garriga,Ovidio Fermín Pol Menendez,Horacio Mínguez,Hilda Canet-Herrera,José Antonio Llobet-Narváez,Glauco Sanz,Cristina del Viana,Mauricio Loreto Hidalgo Carro,Anacleto Torrents Clemente,Cándido del Sureda,Mónica Cárdenas Lasa
FUS,1INS,Tarda,Sergio Huertas Casal,Manuel Cabanillas-Mayo,Amada Lastra Pedrero,Eliseo Matas Llobet,Otilia Baena Guillén,Fito Carbajo-Pellicer,Adalberto Castro-Mata,Ema Ocaña,Héctor Tena-Falcón,Ciríaco Coca-Barroso,Javier Gras Pera,Hortensia Perera Valcárcel
,,,1,2,3,4,5,6,7,8,9,10,11,12
