{
  "$schema": "http://json-schema.org/schema#",
  "title": "Schema title",
  "description": "Schema description",
  "type": "object",
  "properties": {
    "_id": {
      "type": "object",
      "properties": {
        "$oid": {
          "type": "string"
        }
      }
    },
    "name": {
      "type": "string"
    },
    "country": {
      "type": "string"
    },
    "timezone": {
      "type": "string"
    },
    "population": {
      "type": "number"
    },
    "loc": {
      "type": "object",
      "properties": {
        "longitude": {
          "type": "number"
        },
        "latitude": {
          "type": "number"
        }
      }
    }
  }
}
